{
  "6574 n blackstone|fresno|ca|93710.0": [
    36.8332634352,
    -119.790192164872
  ],
  "1701 33rd st|boulder|co|80301.0": [
    40.016246857026,
    -105.250191110806
  ],
  "10158-10202 balboa bl.|north hills|ca|91343.0": [
    null,
    null
  ],
  "2400 w. hillcrest dr|thousand oaks|ca|93060.0": [
    34.18650766741,
    -118.92996315611
  ],
  "8828 cuyamaca st|santee|ca|92071.0": [
    32.836584518475,
    -116.983875591751
  ],
  "333 n central ave|glendale|ca|": [
    34.150925793742,
    -118.257983965445
  ],
  "1339 blossom hill rd|san jose|ca|95020.0": [
    37.246047850096,
    -121.886747775552
  ],
  "1618 w katella|anaheim|ca|92802.0": [
    null,
    null
  ],
  "17657 sierra hwy|canyon country|ca|91356.0": [
    34.429393350459,
    -118.444546948183
  ],
  "675 w craig rd (ste  #128)|north las vegas|nv|89032-6178": [
    36.239272523447,
    -115.15125492866
  ],
  "1922 clovis ave|clovis|ca|93612.0": [
    36.809238258507,
    -119.700304911458
  ],
  "1918 park st.|alameda|ca|94501.0": [
    37.770213689707,
    -122.237659123837
  ],
  "1010 e. main st.|alhambra|ca|91801.0": [
    34.099702313801,
    -118.117152433499
  ],
  "1100 n la palma (formerly n anaheim)|anaheim|ca|92805.0": [
    null,
    null
  ],
  "29-35 w waverly st|pasadena|ca|91105.0": [
    34.139696172662,
    -118.151557708667
  ],
  "120 19th st|bakersfield|ca|93301.0": [
    35.376236519024,
    -119.003147687224
  ],
  "7035 stanton ave|buena park|ca|90621.0": [
    33.858527201254,
    -117.993827867266
  ],
  "21381 roscoe blvd|canoga park|ca|91304.0": [
    34.219860976084,
    -118.596721155234
  ],
  "1718 e florence bl|casa grande|az|85222.0": [
    32.8796442385,
    -111.708350955974
  ],
  "4920 s arizona ave|chandler|az|85248.0": [
    33.244311394991,
    -111.841366602981
  ],
  "5250 e philadelphia st|chino||": [
    null,
    null
  ],
  "366 broadway|chula vista|ca|91811.0": [
    32.635688254113,
    -117.0913821025
  ],
  "6875 el cajon blvd|san diego|ca|92115.0": [
    32.768593190137,
    -117.049830451499
  ],
  "1280 e 6th st|corona|ca|91719.0": [
    33.874297594176,
    -117.546517211949
  ],
  "2126 harbor blvd|costa mesa|ca|92627.0": [
    33.652496826461,
    -117.919001551406
  ],
  "1444 n. citrus|covina|ca|91722.0": [
    34.105753959615,
    -117.890188175107
  ],
  "9444 e firestone bl|downey|ca|90241.0": [
    33.930895751328,
    -118.114862435608
  ],
  "4196 s durango st|las vegas|nv|89147.0": [
    36.113138195951,
    -115.278981150121
  ],
  "911 s.e. st|san bernardino|ca|92408.0": [
    34.084845936162,
    -117.293763935263
  ],
  "16934-16936 ventura blvd|encino|ca|91316.0": [
    34.159504112628,
    -118.502400318757
  ],
  "183 east washington|escondido|ca|92025.0": [
    33.127205321452,
    -117.0828738823
  ],
  "2603 w 1st st|santa ana|ca|92703.0": [
    null,
    null
  ],
  "26662 portola pkwy|foothill ranch|ca|92610.0": [
    33.680999821375,
    -117.665212877776
  ],
  "16119 brookhurst st|fountain valley|ca|92708.0": [
    null,
    null
  ],
  "710-711 s parallel st|fresno|ca|93721.0": [
    null,
    null
  ],
  "3921 geary blvd|san francisco|ca|94118.0": [
    37.781045262504,
    -122.461315152992
  ],
  "6701 camino arroyo|gilroy|ca|95020.0": [
    null,
    null
  ],
  "1849 w greenway rd|phoenix|az|85023.0": [
    33.625557564423,
    -112.098755174242
  ],
  "1400 w florida|hemet|ca|92543.0": [
    33.7475396214,
    -116.985876995368
  ],
  "360 n stephanie|las vegas|nv|89014.0": [
    36.053276239876,
    -115.046267191716
  ],
  "16281 main st|hesperia|ca|92345.0": [
    34.42239035504,
    -117.30759216161
  ],
  "322 sumner st|honolulu|hi|96817.0": [
    21.315226372006,
    -157.867327206226
  ],
  "17362 beach blvd|huntington beach|ca|92646.0": [
    33.710069690205,
    -117.988937651383
  ],
  "636/638 kailua rd|kailua|hi|96734.0": [
    21.394189887386,
    -157.742432705206
  ],
  "23820 mercury rd|lake forest|ca|92630.0": [
    33.625307048242,
    -117.714594835069
  ],
  "7361 w lake mead, blvd|las vegas|nv|89128.0": [
    36.196021013897,
    -115.2531426125
  ],
  "1050 c/1060c  commerce center drive|lancaster|ca|93534.0": [
    34.672448834697,
    -118.15146464965
  ],
  "520 s cherokee ln|lodi|ca|95240.0": [
    38.129070651141,
    -121.260387420915
  ],
  "10020/10030 magnolia ave|riverside|ca|92505.0": [
    33.914632483483,
    -117.456513391942
  ],
  "1340 alamitos ave|long beach|ca|90813.0": [
    33.78367631978,
    -118.177529733992
  ],
  "4130/4160 ming ave|bakersfield|ca|93309.0": [
    35.33961368228,
    -119.049038883416
  ],
  "4418 mchenry ave|modesto|ca|95356.0": [
    37.703749715518,
    -120.994587834056
  ],
  "601 webster st.|oakland|ca|94607.0": [
    37.797957074727,
    -122.27228611254
  ],
  "5757 n oracle road|tucson|az|85705.0": [
    32.31151520192,
    -110.978617954137
  ],
  "180 n tustin ave|orange|ca|92666.0": [
    33.789300684521,
    -117.835790349485
  ],
  "18349 lincoln meadows pkwy|parker|co|80138.0": [
    null,
    null
  ],
  "56 w del mar|pasadena|ca|91105.0": [
    34.140707092106,
    -118.1515401102
  ],
  "24201 orange ave.|perris|ca|92570.0": [
    33.815759112963,
    -117.241625598605
  ],
  "24/26 e mohave st|phoenix|az|85004.0": [
    33.431407180874,
    -112.072501519592
  ],
  "1940 w pico blvd|los angeles|ca|90006.0": [
    34.046336143994,
    -118.280806874636
  ],
  "1806 linda drive|pleasant hill|ca|94523.0": [
    37.952810957411,
    -122.060853980848
  ],
  "3240 sports arena blvd|point loma|ca|92110.0": [
    32.754107359532,
    -117.213909969474
  ],
  "162 w olive dr|porterville|ca|93257.0": [
    36.065303404044,
    -119.020349659056
  ],
  "13020 poway rd|poway|ca|92064.0": [
    32.956595479235,
    -117.048529568029
  ],
  "12769 foothill blvd|rancho cucamonga|ca|91739.0": [
    34.106239171586,
    -117.52692068428
  ],
  "801 w colton|redlands|ca|92374.0": [
    34.062804275839,
    -117.191473029906
  ],
  "2406-2408 artesia bl|redondo beach|ca|90278.0": [
    33.872787875135,
    -118.368279779393
  ],
  "306/320/326/329 n main st|salinas|ca|93901.0": [
    36.682610404779,
    -121.653529971958
  ],
  "7425 otay mesa rd.|san diego|ca|92154.0": [
    32.567879929805,
    -116.982905374973
  ],
  "702 w taylor st|san jose|ca|95126.0": [
    37.340544546172,
    -121.913428186858
  ],
  "350 4th st|san rafael|ca|94901.0": [
    37.971672977425,
    -122.516719516472
  ],
  "1020/1050 3rd st|santa rosa|ca|95404.0": [
    38.442940256921,
    -122.706038221436
  ],
  "1850 fremont bl|seaside|ca|93955.0": [
    36.615851385982,
    -121.842073861629
  ],
  "9715 s maryland parkway|las vegas|nv|89183.0": [
    36.012990352513,
    -115.136802091818
  ],
  "4001 inglewood ave ste 102|redondo beach|ca|90278.0": [
    33.894708205246,
    -118.361361612385
  ],
  "1170 mission rd|san francisco|ca|94080.0": [
    37.660874184473,
    -122.438136050988
  ],
  "1247 s wilson way|stockton|ca|95205.0": [
    37.943468845505,
    -121.26827219363
  ],
  "1658 11th st|santa monica|ca|90404.0": [
    34.017954078792,
    -118.484151192985
  ],
  "8702 w cholla st|peoria|az|85345.0": [
    33.587017168844,
    -112.246410199132
  ],
  "27525/27531 jefferson ave|temecula|ca|92590.0": [
    33.518159310244,
    -117.162553679172
  ],
  "2324 n scottsdale|tempe|az|85281.0": [
    33.453637994048,
    -111.926491180475
  ],
  "4308-4310 pacific coast hwy|torrance|ca|90505.0": [
    33.8082031564,
    -118.359398415337
  ],
  "3955 tutt blvd|colorado springs|co|80922.0": [
    38.889172509448,
    -104.714439669539
  ],
  "1500 & 1509 valencia st|san francisco|ca|94110.0": [
    37.748806629749,
    -122.420271050302
  ],
  "14716 7th st|victorville|ca|92395.0": [
    34.517779110807,
    -117.311745487765
  ],
  "339 nw 3rd st|visalia|ca|93291.0": [
    36.340448011177,
    -119.295402422846
  ],
  "435 kilani st|wahiawa|hi|96786.0": [
    21.497571862487,
    -158.030549971611
  ],